run_id,iteration,warmup,adapter,elapsed_s,device_count,resource_count,resources_read,read_error_count,metrics_count,mapped_metric_count,unmapped_metric_count,alarms_count,active_alarms_count,snapshot_build_ms,list_resources_ms,read_resources_ms,read_health_ms,total_ms,health_status,health_mode,tools_exported,write_operations_allowed
baseline-v07-run3-20260521T174653_971909Z,-20,True,simulated,0.0,2,12,12,0,6,6,0,3,0,3.9889999898150563,0.027600006433203816,4.853999998886138,0.23370000417344272,9.104299999307841,ok,read-only,False,False
baseline-v07-run3-20260521T174653_971909Z,-19,True,simulated,1.0,2,12,12,0,6,6,0,3,0,3.560200013453141,0.019800005247816443,2.969699999084696,0.22119999630376697,6.77090001408942,ok,read-only,False,False
baseline-v07-run3-20260521T174653_971909Z,-18,True,simulated,2.0,2,12,12,0,6,6,0,3,0,2.9454999894369394,0.017400016076862812,3.6823999835178256,0.22780001745559275,6.8731000064872205,ok,read-only,False,False
baseline-v07-run3-20260521T174653_971909Z,-17,True,simulated,3.0,2,12,12,0,6,6,0,3,0,4.024800000479445,0.025800021830946207,4.015699989395216,0.35200000274926424,8.418300014454871,ok,read-only,False,False
baseline-v07-run3-20260521T174653_971909Z,-16,True,simulated,4.0,2,12,12,0,6,6,0,3,0,3.7592999869957566,0.02220002352260053,3.80330000189133,0.28899998869746923,7.873800001107156,ok,read-only,False,False
baseline-v07-run3-20260521T174653_971909Z,-15,True,simulated,5.0,2,12,12,0,6,6,0,3,0,4.615700017893687,0.49149998812936246,2.933399984613061,0.19990000873804092,8.240499999374151,ok,read-only,False,False
baseline-v07-run3-20260521T174653_971909Z,-14,True,simulated,6.0,2,12,12,0,6,6,0,3,0,3.529500012518838,0.021199986804276705,3.494400007184595,0.3060000017285347,7.351100008236244,ok,read-only,False,False
baseline-v07-run3-20260521T174653_971909Z,-13,True,simulated,7.0,2,12,12,0,6,6,0,3,0,3.037999995285645,0.022099993657320738,3.619099996285513,0.219000008655712,6.898199993884191,ok,read-only,False,False
baseline-v07-run3-20260521T174653_971909Z,-12,True,simulated,8.0,2,12,12,0,6,6,0,3,0,3.0952999950386584,0.019500002963468432,3.1267000013031065,0.21170001127757132,6.453200010582805,ok,read-only,False,False
baseline-v07-run3-20260521T174653_971909Z,-11,True,simulated,9.0,2,12,12,0,6,6,0,3,0,3.6475999804679304,0.024500011932104826,2.843800000846386,0.2610000083222985,6.77690000156872,ok,read-only,False,False
baseline-v07-run3-20260521T174653_971909Z,-10,True,simulated,10.0,2,12,12,0,6,6,0,3,0,3.6848000017926097,0.038300000596791506,3.2814999867696315,0.27359998784959316,7.278199977008626,ok,read-only,False,False
baseline-v07-run3-20260521T174653_971909Z,-9,True,simulated,11.0,2,12,12,0,6,6,0,3,0,3.843699989374727,0.023300002794712782,2.968399989185855,0.4896000027656555,7.32499998412095,ok,read-only,False,False
baseline-v07-run3-20260521T174653_971909Z,-8,True,simulated,12.0,2,12,12,0,6,6,0,3,0,3.310800006147474,0.02169999061152339,3.0032999929971993,0.2376000047661364,6.573399994522333,ok,read-only,False,False
baseline-v07-run3-20260521T174653_971909Z,-7,True,simulated,13.0,2,12,12,0,6,6,0,3,0,4.17970001581125,0.021599989850074053,3.1602999952156097,0.5244000058155507,7.886000006692484,ok,read-only,False,False
baseline-v07-run3-20260521T174653_971909Z,-6,True,simulated,14.0,2,12,12,0,6,6,0,3,0,4.403600003570318,0.019700004486367106,3.478299971902743,0.19990000873804092,8.10149998869747,ok,read-only,False,False
baseline-v07-run3-20260521T174653_971909Z,-5,True,simulated,15.0,2,12,12,0,6,6,0,3,0,3.1376999977510422,0.021599989850074053,3.430899989325553,0.2491000050213188,6.839299981947988,ok,read-only,False,False
baseline-v07-run3-20260521T174653_971909Z,-4,True,simulated,16.0,2,12,12,0,6,6,0,3,0,3.2423000084236264,0.017999991541728377,2.8557000041473657,0.4754000110551715,6.591400015167892,ok,read-only,False,False
baseline-v07-run3-20260521T174653_971909Z,-3,True,simulated,17.0,2,12,12,0,6,6,0,3,0,3.385299991350621,0.02190002123825252,3.3408000017516315,0.2125999890267849,6.96060000336729,ok,read-only,False,False
baseline-v07-run3-20260521T174653_971909Z,-2,True,simulated,18.0,2,12,12,0,6,6,0,3,0,4.07890000496991,0.021400017431005836,3.7874999979976565,0.28399997972883284,8.171800000127405,ok,read-only,False,False
baseline-v07-run3-20260521T174653_971909Z,-1,True,simulated,19.0,2,12,12,0,6,6,0,3,0,3.6066000175196677,0.020599982235580683,4.6202999947126955,0.2319000195711851,8.479400014039129,ok,read-only,False,False
baseline-v07-run3-20260521T174653_971909Z,0,False,simulated,20.0,2,12,12,0,6,6,0,3,0,3.248399996664375,0.020199979189783335,2.716000017244369,0.31239999225363135,6.2969999853521585,ok,read-only,False,False
baseline-v07-run3-20260521T174653_971909Z,1,False,simulated,21.0,2,12,12,0,6,6,0,3,0,3.661199996713549,0.027300004148855805,3.4070999827235937,0.22020001779310405,7.3158000013791025,ok,read-only,False,False
baseline-v07-run3-20260521T174653_971909Z,2,False,simulated,22.0,2,12,12,0,6,6,0,3,0,3.1706999870948493,0.01920000067912042,3.541599988238886,0.19150000298395753,6.922999978996813,ok,read-only,False,False
baseline-v07-run3-20260521T174653_971909Z,3,False,simulated,23.0,2,12,12,0,6,6,0,3,0,3.1162000086624175,0.018999999156221747,3.584299993235618,0.27370001771487296,6.99320001876913,ok,read-only,False,False
baseline-v07-run3-20260521T174653_971909Z,4,False,simulated,24.0,2,12,12,0,6,6,0,3,0,3.564899991033599,0.04050001734867692,3.2399999909102917,0.3677000058814883,7.213100005174056,ok,read-only,False,False
baseline-v07-run3-20260521T174653_971909Z,5,False,simulated,25.0,2,12,12,0,6,6,0,3,0,3.303400008007884,0.021299987565726042,3.7155000027269125,0.24160000612027943,7.281800004420802,ok,read-only,False,False
baseline-v07-run3-20260521T174653_971909Z,6,False,simulated,26.0,2,12,12,0,6,6,0,3,0,3.487300011329353,0.020099978428333998,4.029500007163733,0.24540000595152378,7.782300002872944,ok,read-only,False,False
baseline-v07-run3-20260521T174653_971909Z,7,False,simulated,27.0,2,12,12,0,6,6,0,3,0,2.945999993244186,0.01829999382607639,3.0264999950304627,0.22509999689646065,6.215899978997186,ok,read-only,False,False
baseline-v07-run3-20260521T174653_971909Z,8,False,simulated,28.0,2,12,12,0,6,6,0,3,0,3.9254000002983958,0.022899999748915434,3.111700003501028,0.2641000028233975,7.3241000063717365,ok,read-only,False,False
baseline-v07-run3-20260521T174653_971909Z,9,False,simulated,29.0,2,12,12,0,6,6,0,3,0,3.159199986839667,0.019099999917671084,2.9236999980639666,0.20110001787543297,6.303100002696738,ok,read-only,False,False
baseline-v07-run3-20260521T174653_971909Z,10,False,simulated,30.0,2,12,12,0,6,6,0,3,0,3.09209999977611,0.020000006770715117,4.097500001080334,0.32589997863397,7.535499986261129,ok,read-only,False,False
baseline-v07-run3-20260521T174653_971909Z,11,False,simulated,31.0,2,12,12,0,6,6,0,3,0,3.5718000144697726,0.020199979189783335,3.400600020540878,0.21269998978823423,7.205300003988668,ok,read-only,False,False
baseline-v07-run3-20260521T174653_971909Z,12,False,simulated,32.0,2,12,12,0,6,6,0,3,0,3.4642000100575387,0.022099993657320738,3.8972000184003264,0.31609999132342637,7.699600013438612,ok,read-only,False,False
baseline-v07-run3-20260521T174653_971909Z,13,False,simulated,33.0,2,12,12,0,6,6,0,3,0,3.3899999980349094,0.02020000829361379,3.0607999942731112,0.34589998540468514,6.8168999860063195,ok,read-only,False,False
baseline-v07-run3-20260521T174653_971909Z,14,False,simulated,34.0,2,12,12,0,6,6,0,3,0,3.1758999975863844,0.020500010577961802,3.4235999919474125,0.22769998759031296,6.847699987702072,ok,read-only,False,False
baseline-v07-run3-20260521T174653_971909Z,15,False,simulated,35.0,2,12,12,0,6,6,0,3,0,3.813499992247671,0.023600005079060793,2.917900012107566,0.24009999469853938,6.995100004132837,ok,read-only,False,False
baseline-v07-run3-20260521T174653_971909Z,16,False,simulated,36.0,2,12,12,0,6,6,0,3,0,3.321400028653443,0.021199986804276705,3.0329999863170087,0.37810002686455846,6.753700028639287,ok,read-only,False,False
baseline-v07-run3-20260521T174653_971909Z,17,False,simulated,37.0,2,12,12,0,6,6,0,3,0,4.751999978907406,0.027000001864507794,3.5715000121854246,0.29219998396001756,8.642699976917356,ok,read-only,False,False
baseline-v07-run3-20260521T174653_971909Z,18,False,simulated,38.0,2,12,12,0,6,6,0,3,0,3.178800019668415,0.020599982235580683,2.941900020232424,0.28849998489022255,6.429800007026643,ok,read-only,False,False
baseline-v07-run3-20260521T174653_971909Z,19,False,simulated,39.0,2,12,12,0,6,6,0,3,0,3.8154000067152083,0.060399994254112244,12.663800007430837,0.23809997946955264,16.77769998786971,ok,read-only,False,False
baseline-v07-run3-20260521T174653_971909Z,20,False,simulated,40.0,2,12,12,0,6,6,0,3,0,3.8444999954663217,0.026299996534362435,3.399600012926385,0.2167999919038266,7.4871999968308955,ok,read-only,False,False
baseline-v07-run3-20260521T174653_971909Z,21,False,simulated,41.0,2,12,12,0,6,6,0,3,0,3.2241000153589994,0.024100008886307478,3.464399982476607,0.2877000079024583,7.000300014624372,ok,read-only,False,False
baseline-v07-run3-20260521T174653_971909Z,22,False,simulated,42.0,2,12,12,0,6,6,0,3,0,3.482700005406514,0.017999991541728377,3.4653000184334815,0.22539999918080866,7.191400014562532,ok,read-only,False,False
baseline-v07-run3-20260521T174653_971909Z,23,False,simulated,43.0,2,12,12,0,6,6,0,3,0,3.2299000013154,0.02300000051036477,2.5187999999616295,0.20749997929669917,5.9791999810840935,ok,read-only,False,False
baseline-v07-run3-20260521T174653_971909Z,24,False,simulated,44.0,2,12,12,0,6,6,0,3,0,3.185800014762208,0.020499981474131346,3.4442000032868236,0.2948000037577003,6.945300003280863,ok,read-only,False,False
baseline-v07-run3-20260521T174653_971909Z,25,False,simulated,45.0,2,12,12,0,6,6,0,3,0,3.9029000035952777,0.022099993657320738,3.860299999359995,0.37880000309087336,8.164099999703467,ok,read-only,False,False
baseline-v07-run3-20260521T174653_971909Z,26,False,simulated,46.0,2,12,12,0,6,6,0,3,0,3.0814000056125224,0.018699996871873736,2.9705999768339097,0.20249999943189323,6.273199978750199,ok,read-only,False,False
baseline-v07-run3-20260521T174653_971909Z,27,False,simulated,47.0,2,12,12,0,6,6,0,3,0,3.7078000023029745,0.02239999594166875,3.24469999759458,0.2142000012099743,7.1890999970491976,ok,read-only,False,False
baseline-v07-run3-20260521T174653_971909Z,28,False,simulated,48.0,2,12,12,0,6,6,0,3,0,3.6124000034760684,0.018499995348975062,3.31880000885576,0.19649998284876347,7.146199990529567,ok,read-only,False,False
baseline-v07-run3-20260521T174653_971909Z,29,False,simulated,49.0,2,12,12,0,6,6,0,3,0,3.3816000213846564,0.01999997766688466,4.63740000850521,0.2938999969046563,8.332900004461408,ok,read-only,False,False
baseline-v07-run3-20260521T174653_971909Z,30,False,simulated,50.0,2,12,12,0,6,6,0,3,0,3.3808000152930617,0.01829999382607639,3.1220999953802675,0.25270000332966447,6.77390000782907,ok,read-only,False,False
baseline-v07-run3-20260521T174653_971909Z,31,False,simulated,51.0,2,12,12,0,6,6,0,3,0,3.3263000077567995,0.021899992134422064,4.127499996684492,0.24090000079013407,7.716599997365847,ok,read-only,False,False
baseline-v07-run3-20260521T174653_971909Z,32,False,simulated,52.0,2,12,12,0,6,6,0,3,0,3.4980000054929405,0.02169999061152339,3.3801000099629164,0.21440000273287296,7.114200008800253,ok,read-only,False,False
baseline-v07-run3-20260521T174653_971909Z,33,False,simulated,53.0,2,12,12,0,6,6,0,3,0,3.3705999958328903,0.019700004486367106,2.8571999864652753,0.3014000249095261,6.548900011694059,ok,read-only,False,False
baseline-v07-run3-20260521T174653_971909Z,34,False,simulated,54.0,2,12,12,0,6,6,0,3,0,4.185099998721853,0.023599975975230336,3.288600011728704,0.2410000015515834,7.738299987977371,ok,read-only,False,False
baseline-v07-run3-20260521T174653_971909Z,35,False,simulated,55.0,2,12,12,0,6,6,0,3,0,3.3804000122472644,0.01990000600926578,3.5032999876420945,0.2859999949578196,7.189600000856444,ok,read-only,False,False
baseline-v07-run3-20260521T174653_971909Z,36,False,simulated,56.0,2,12,12,0,6,6,0,3,0,3.728299983777106,0.023200002033263445,3.4352999937254936,0.6196000031195581,7.806399982655421,ok,read-only,False,False
baseline-v07-run3-20260521T174653_971909Z,37,False,simulated,57.0,2,12,12,0,6,6,0,3,0,3.1442999897990376,0.020100007532164454,2.9082999972160906,0.22139999782666564,6.294099992373958,ok,read-only,False,False
baseline-v07-run3-20260521T174653_971909Z,38,False,simulated,58.0,2,12,12,0,6,6,0,3,0,3.2035000040195882,0.022899999748915434,3.5370000114198774,0.21689999266527593,6.980300007853657,ok,read-only,False,False
baseline-v07-run3-20260521T174653_971909Z,39,False,simulated,59.0,2,12,12,0,6,6,0,3,0,3.2537000079173595,0.01889999839477241,3.1236000068020076,0.24049999774433672,6.636700010858476,ok,read-only,False,False
baseline-v07-run3-20260521T174653_971909Z,40,False,simulated,60.0,2,12,12,0,6,6,0,3,0,3.1365999893750995,0.02030000905506313,3.2100999960675836,0.2958999830298126,6.662899977527559,ok,read-only,False,False
baseline-v07-run3-20260521T174653_971909Z,41,False,simulated,61.0,2,12,12,0,6,6,0,3,0,3.7878000002820045,0.02069998299703002,3.3056999964173883,0.28580002253875136,7.400000002235174,ok,read-only,False,False
baseline-v07-run3-20260521T174653_971909Z,42,False,simulated,62.0,2,12,12,0,6,6,0,3,0,3.330400009872392,0.02579999272711575,2.9426999972201884,0.2906000008806586,6.589500000700355,ok,read-only,False,False
baseline-v07-run3-20260521T174653_971909Z,43,False,simulated,63.0,2,12,12,0,6,6,0,3,0,3.2921000092756003,0.021500018192455173,3.623799973865971,0.22100002388469875,7.158400025218725,ok,read-only,False,False
baseline-v07-run3-20260521T174653_971909Z,44,False,simulated,64.0,2,12,12,0,6,6,0,3,0,3.351499995915219,0.017799990018829703,3.587799990782514,0.26760000037029386,7.224699977086857,ok,read-only,False,False
baseline-v07-run3-20260521T174653_971909Z,45,False,simulated,65.0,2,12,12,0,6,6,0,3,0,3.474100027233362,0.018999999156221747,6.273899984080344,0.2660000172909349,10.033000027760863,ok,read-only,False,False
baseline-v07-run3-20260521T174653_971909Z,46,False,simulated,66.0,2,12,12,0,6,6,0,3,0,6.766000005882233,0.022899999748915434,3.0629000102635473,0.239099987084046,10.090900002978742,ok,read-only,False,False
baseline-v07-run3-20260521T174653_971909Z,47,False,simulated,67.0,2,12,12,0,6,6,0,3,0,3.8582000124733895,0.023800006601959467,3.3107999770436436,0.2536000101827085,7.446400006301701,ok,read-only,False,False
baseline-v07-run3-20260521T174653_971909Z,48,False,simulated,68.0,2,12,12,0,6,6,0,3,0,3.76029999461025,0.023200002033263445,3.1706999870948493,0.24930000654421747,7.20349999028258,ok,read-only,False,False
baseline-v07-run3-20260521T174653_971909Z,49,False,simulated,69.0,2,12,12,0,6,6,0,3,0,4.01810000767,0.02239999594166875,2.9292999824974686,0.2434000198263675,7.213200005935505,ok,read-only,False,False
baseline-v07-run3-20260521T174653_971909Z,50,False,simulated,70.0,2,12,12,0,6,6,0,3,0,3.332000022055581,0.019700004486367106,3.1796999974176288,0.2601000014692545,6.791500025428832,ok,read-only,False,False
baseline-v07-run3-20260521T174653_971909Z,51,False,simulated,71.0,2,12,12,0,6,6,0,3,0,3.421999979764223,0.020400009816512465,3.372600011061877,0.33299997448921204,7.147999975131825,ok,read-only,False,False
baseline-v07-run3-20260521T174653_971909Z,52,False,simulated,72.0,2,12,12,0,6,6,0,3,0,3.5223000159021467,0.02379997749812901,3.578700008802116,0.32920000376179814,7.45400000596419,ok,read-only,False,False
baseline-v07-run3-20260521T174653_971909Z,53,False,simulated,73.0,2,12,12,0,6,6,0,3,0,3.728699986822903,0.022100022761151195,4.305099981138483,0.25820001610554755,8.314100006828085,ok,read-only,False,False
baseline-v07-run3-20260521T174653_971909Z,54,False,simulated,74.0,2,12,12,0,6,6,0,3,0,3.3819000236690044,0.020199979189783335,3.545400017173961,0.35269997897557914,7.300199999008328,ok,read-only,False,False
baseline-v07-run3-20260521T174653_971909Z,55,False,simulated,75.0,2,12,12,0,6,6,0,3,0,3.3767000131774694,0.023600005079060793,3.8041999796405435,0.5120999994687736,7.716599997365847,ok,read-only,False,False
baseline-v07-run3-20260521T174653_971909Z,56,False,simulated,76.0,2,12,12,0,6,6,0,3,0,3.5613999934867024,0.02220002352260053,3.056399989873171,0.21769999875687063,6.8577000056393445,ok,read-only,False,False
baseline-v07-run3-20260521T174653_971909Z,57,False,simulated,77.0,2,12,12,0,6,6,0,3,0,3.449800016824156,0.020199979189783335,3.6410000175237656,0.2739999908953905,7.3850000044330955,ok,read-only,False,False
baseline-v07-run3-20260521T174653_971909Z,58,False,simulated,78.0,2,12,12,0,6,6,0,3,0,3.5822000063490123,0.02090001362375915,3.3001999836415052,0.27790002059191465,7.181200024206191,ok,read-only,False,False
baseline-v07-run3-20260521T174653_971909Z,59,False,simulated,79.0,2,12,12,0,6,6,0,3,0,3.507799992803484,0.01960000372491777,3.153600002406165,0.38499999209307134,7.065999991027638,ok,read-only,False,False
baseline-v07-run3-20260521T174653_971909Z,60,False,simulated,80.0,2,12,12,0,6,6,0,3,0,3.5356000007595867,0.02750000567175448,3.504899999825284,0.26339999749325216,7.331400003749877,ok,read-only,False,False
baseline-v07-run3-20260521T174653_971909Z,61,False,simulated,81.0,2,12,12,0,6,6,0,3,0,3.3223000064026564,0.0213000166695565,3.5226999898441136,0.2175999979954213,7.083900010911748,ok,read-only,False,False
baseline-v07-run3-20260521T174653_971909Z,62,False,simulated,82.0,2,12,12,0,6,6,0,3,0,3.660899994429201,0.02269999822601676,3.94260001485236,0.28279999969527125,7.909000007202849,ok,read-only,False,False
baseline-v07-run3-20260521T174653_971909Z,63,False,simulated,83.0,2,12,12,0,6,6,0,3,0,3.3152000105474144,0.01960000372491777,3.047899983357638,0.2937000244855881,6.676400022115558,ok,read-only,False,False
baseline-v07-run3-20260521T174653_971909Z,64,False,simulated,84.0,2,12,12,0,6,6,0,3,0,3.705400013132021,0.023100001271814108,3.135599981760606,0.44860001071356237,7.3127000068780035,ok,read-only,False,False
baseline-v07-run3-20260521T174653_971909Z,65,False,simulated,85.0,2,12,12,0,6,6,0,3,0,3.331300016725436,0.020299979951232672,3.177800012053922,0.2716000017244369,6.801000010455027,ok,read-only,False,False
baseline-v07-run3-20260521T174653_971909Z,66,False,simulated,86.0,2,12,12,0,6,6,0,3,0,3.2133000204339623,0.020199979189783335,3.1882000039331615,0.3529000096023083,6.7746000131592155,ok,read-only,False,False
baseline-v07-run3-20260521T174653_971909Z,67,False,simulated,87.0,2,12,12,0,6,6,0,3,0,3.9019999967422336,0.024200009647756815,3.479100007098168,0.34749999758787453,7.752800011076033,ok,read-only,False,False
baseline-v07-run3-20260521T174653_971909Z,68,False,simulated,88.0,2,12,12,0,6,6,0,3,0,3.2973999914247543,0.06839999696239829,4.429699998581782,0.2992000081576407,8.094699995126575,ok,read-only,False,False
baseline-v07-run3-20260521T174653_971909Z,69,False,simulated,89.0,2,12,12,0,6,6,0,3,0,3.782799991313368,0.023500004317611456,3.230500005884096,0.26110000908374786,7.297900010598823,ok,read-only,False,False
baseline-v07-run3-20260521T174653_971909Z,70,False,simulated,90.0,2,12,12,0,6,6,0,3,0,3.4417000133544207,0.019500002963468432,3.6866999871563166,0.24660001508891582,7.394500018563122,ok,read-only,False,False
baseline-v07-run3-20260521T174653_971909Z,71,False,simulated,91.0,2,12,12,0,6,6,0,3,0,3.565499995602295,0.026699999580159783,4.208800004562363,0.23819998023100197,8.03919997997582,ok,read-only,False,False
baseline-v07-run3-20260521T174653_971909Z,72,False,simulated,92.0,2,12,12,0,6,6,0,3,0,3.591099986806512,0.022499996703118086,3.530799993313849,0.3299000090919435,7.474299985915422,ok,read-only,False,False
baseline-v07-run3-20260521T174653_971909Z,73,False,simulated,93.0,2,12,12,0,6,6,0,3,0,3.505000000586733,0.020899984519928694,3.763000015169382,0.31519998447038233,7.604099984746426,ok,read-only,False,False
baseline-v07-run3-20260521T174653_971909Z,74,False,simulated,94.0,2,12,12,0,6,6,0,3,0,3.486700006760657,0.02269999822601676,3.650500002549961,0.2576999831944704,7.417599990731105,ok,read-only,False,False
baseline-v07-run3-20260521T174653_971909Z,75,False,simulated,95.0,2,12,12,0,6,6,0,3,0,3.4740999981295317,0.020500010577961802,3.1903999915812165,0.3229999856557697,7.00799998594448,ok,read-only,False,False
baseline-v07-run3-20260521T174653_971909Z,76,False,simulated,96.0,2,12,12,0,6,6,0,3,0,3.659099980723113,0.024200009647756815,3.188700007740408,0.28379997820593417,7.155799976317212,ok,read-only,False,False
baseline-v07-run3-20260521T174653_971909Z,77,False,simulated,97.0,2,12,12,0,6,6,0,3,0,3.3257000031881034,0.019400002202019095,3.04909999249503,0.2581000153440982,6.652300013229251,ok,read-only,False,False
baseline-v07-run3-20260521T174653_971909Z,78,False,simulated,98.0,2,12,12,0,6,6,0,3,0,3.6988999927416444,0.02269999822601676,4.010100004961714,0.3080999886151403,8.039799984544516,ok,read-only,False,False
baseline-v07-run3-20260521T174653_971909Z,79,False,simulated,99.0,2,12,12,0,6,6,0,3,0,3.9628999948035926,0.022099993657320738,3.021600015927106,0.24969998048618436,7.256299984874204,ok,read-only,False,False
baseline-v07-run3-20260521T174653_971909Z,80,False,simulated,100.0,2,12,12,0,6,6,0,3,0,4.139700002269819,0.02819998189806938,3.0475000094156712,0.2449000021442771,7.460299995727837,ok,read-only,False,False
baseline-v07-run3-20260521T174653_971909Z,81,False,simulated,101.0,2,12,12,0,6,6,0,3,0,3.303100005723536,0.019400002202019095,3.5417999897617847,0.21200001356191933,7.076300011249259,ok,read-only,False,False
baseline-v07-run3-20260521T174653_971909Z,82,False,simulated,102.0,2,12,12,0,6,6,0,3,0,3.2254999969154596,0.01960000372491777,3.8428000116255134,0.27669998235069215,7.364599994616583,ok,read-only,False,False
baseline-v07-run3-20260521T174653_971909Z,83,False,simulated,103.0,2,12,12,0,6,6,0,3,0,3.1823999888729304,0.01930000144056976,3.255900024669245,0.28369997744448483,6.74129999242723,ok,read-only,False,False
baseline-v07-run3-20260521T174653_971909Z,84,False,simulated,104.0,2,12,12,0,6,6,0,3,0,3.70110000949353,0.021099986042827368,2.955700008897111,0.35730001400224864,7.035200018435717,ok,read-only,False,False
baseline-v07-run3-20260521T174653_971909Z,85,False,simulated,105.0,2,12,12,0,6,6,0,3,0,3.572299989173189,0.019800005247816443,3.1509000109508634,0.23589999182149768,6.978899997193366,ok,read-only,False,False
baseline-v07-run3-20260521T174653_971909Z,86,False,simulated,106.0,2,12,12,0,6,6,0,3,0,3.2879000063985586,0.01819999306462705,3.048600017791614,0.27199997566640377,6.626699992921203,ok,read-only,False,False
baseline-v07-run3-20260521T174653_971909Z,87,False,simulated,107.0,2,12,12,0,6,6,0,3,0,4.387199995107949,0.023900007363408804,3.551100002368912,0.26569998590275645,8.227899990743026,ok,read-only,False,False
baseline-v07-run3-20260521T174653_971909Z,88,False,simulated,108.0,2,12,12,0,6,6,0,3,0,3.2497000065632164,0.019799976143985987,3.4294000070076436,0.23510001483373344,6.9340000045485795,ok,read-only,False,False
baseline-v07-run3-20260521T174653_971909Z,89,False,simulated,109.0,2,12,12,0,6,6,0,3,0,3.6106000188738108,0.025599991204217076,3.2946999999694526,0.21379999816417694,7.144700008211657,ok,read-only,False,False
baseline-v07-run3-20260521T174653_971909Z,90,False,simulated,110.0,2,12,12,0,6,6,0,3,0,3.2233999809250236,0.019700004486367106,2.956000011181459,0.25389998336322606,6.4529999799560755,ok,read-only,False,False
baseline-v07-run3-20260521T174653_971909Z,91,False,simulated,111.0,2,12,12,0,6,6,0,3,0,3.620300005422905,0.01960000372491777,3.9619999879505485,0.30070001957938075,7.902600016677752,ok,read-only,False,False
baseline-v07-run3-20260521T174653_971909Z,92,False,simulated,112.0,2,12,12,0,6,6,0,3,0,3.6429000028874725,0.022499996703118086,2.9544999997597188,0.295000005280599,6.914900004630908,ok,read-only,False,False
baseline-v07-run3-20260521T174653_971909Z,93,False,simulated,113.0,2,12,12,0,6,6,0,3,0,3.3599000016693026,0.021500018192455173,3.114499995717779,0.24009999469853938,6.736000010278076,ok,read-only,False,False
baseline-v07-run3-20260521T174653_971909Z,94,False,simulated,114.0,2,12,12,0,6,6,0,3,0,4.289600008632988,0.023200002033263445,3.0525999900419265,0.2654000127222389,7.630800013430417,ok,read-only,False,False
baseline-v07-run3-20260521T174653_971909Z,95,False,simulated,115.0,2,12,12,0,6,6,0,3,0,3.3011999912559986,0.018999999156221747,2.9852000006940216,0.23479998344555497,6.540199974551797,ok,read-only,False,False
baseline-v07-run3-20260521T174653_971909Z,96,False,simulated,116.0,2,12,12,0,6,6,0,3,0,3.813499992247671,0.02680000034160912,3.6860999825876206,0.2643000043462962,7.790699979523197,ok,read-only,False,False
baseline-v07-run3-20260521T174653_971909Z,97,False,simulated,117.0,2,12,12,0,6,6,0,3,0,3.933100000722334,0.0213000166695565,3.1491999980062246,0.27210000553168356,7.3757000209297985,ok,read-only,False,False
baseline-v07-run3-20260521T174653_971909Z,98,False,simulated,118.0,2,12,12,0,6,6,0,3,0,3.514700016239658,0.021899992134422064,3.9499000122305006,0.2449000021442771,7.731400022748858,ok,read-only,False,False
baseline-v07-run3-20260521T174653_971909Z,99,False,simulated,119.0,2,12,12,0,6,6,0,3,0,3.5883999953512102,0.02039998071268201,3.053200023714453,0.2970999921672046,6.95909999194555,ok,read-only,False,False
baseline-v07-run3-20260521T174653_971909Z,100,False,simulated,120.0,2,12,12,0,6,6,0,3,0,3.319100011140108,0.021499989088624716,4.129100008867681,0.24950000806711614,7.71920001716353,ok,read-only,False,False
baseline-v07-run3-20260521T174653_971909Z,101,False,simulated,121.0,2,12,12,0,6,6,0,3,0,3.399900015210733,0.021899992134422064,3.0903000151738524,0.4264999879524112,6.9386000104714185,ok,read-only,False,False
baseline-v07-run3-20260521T174653_971909Z,102,False,simulated,122.0,2,12,12,0,6,6,0,3,0,3.3377000072505325,0.020500010577961802,3.195099998265505,0.21949998335912824,6.772799999453127,ok,read-only,False,False
baseline-v07-run3-20260521T174653_971909Z,103,False,simulated,123.0,2,12,12,0,6,6,0,3,0,3.649599995696917,0.020499981474131346,3.465200017672032,0.2117999829351902,7.347099977778271,ok,read-only,False,False
baseline-v07-run3-20260521T174653_971909Z,104,False,simulated,124.0,2,12,12,0,6,6,0,3,0,3.3218000025954098,0.01990000600926578,3.670100006274879,0.37299998803064227,7.384800002910197,ok,read-only,False,False
baseline-v07-run3-20260521T174653_971909Z,105,False,simulated,125.0,2,12,12,0,6,6,0,3,0,3.9115000108722597,0.027399975806474686,3.0172000115271658,0.21639998885802925,7.172499987063929,ok,read-only,False,False
baseline-v07-run3-20260521T174653_971909Z,106,False,simulated,126.0,2,12,12,0,6,6,0,3,0,3.3872999774757773,0.019099999917671084,3.1897000153549016,0.25260000256821513,6.848699995316565,ok,read-only,False,False
baseline-v07-run3-20260521T174653_971909Z,107,False,simulated,127.0,2,12,12,0,6,6,0,3,0,3.640800016000867,0.02440001117065549,3.3064999734051526,0.21600001491606236,7.187700015492737,ok,read-only,False,False
baseline-v07-run3-20260521T174653_971909Z,108,False,simulated,128.0,2,12,12,0,6,6,0,3,0,3.347199992276728,0.019800005247816443,3.054599976167083,0.295600009849295,6.717199983540922,ok,read-only,False,False
baseline-v07-run3-20260521T174653_971909Z,109,False,simulated,129.0,2,12,12,0,6,6,0,3,0,3.601399977924302,0.0213000166695565,3.0647999956272542,0.6001000001560897,7.287599990377203,ok,read-only,False,False
baseline-v07-run3-20260521T174653_971909Z,110,False,simulated,130.0,2,12,12,0,6,6,0,3,0,3.27580000157468,0.01990000600926578,2.837600011844188,0.22399998852051795,6.357300007948652,ok,read-only,False,False
baseline-v07-run3-20260521T174653_971909Z,111,False,simulated,131.0,2,12,12,0,6,6,0,3,0,3.323000011732802,0.025399989681318402,3.0966000049374998,0.20989999757148325,6.654900003923103,ok,read-only,False,False
baseline-v07-run3-20260521T174653_971909Z,112,False,simulated,132.0,2,12,12,0,6,6,0,3,0,3.641899995272979,0.020799983758479357,3.2097000221256167,0.25579999783076346,7.128199998987839,ok,read-only,False,False
baseline-v07-run3-20260521T174653_971909Z,113,False,simulated,133.0,2,12,12,0,6,6,0,3,0,3.451399999903515,0.01990000600926578,3.3884999866131693,0.3288000007160008,7.188599993241951,ok,read-only,False,False
baseline-v07-run3-20260521T174653_971909Z,114,False,simulated,134.0,2,12,12,0,6,6,0,3,0,4.122899990761653,0.026200024876743555,3.5365999792702496,0.3090999962296337,7.994799991138279,ok,read-only,False,False
baseline-v07-run3-20260521T174653_971909Z,115,False,simulated,135.0,2,12,12,0,6,6,0,3,0,3.360900009283796,0.019400002202019095,3.445399983320385,0.2426000137347728,7.068300008540973,ok,read-only,False,False
baseline-v07-run3-20260521T174653_971909Z,116,False,simulated,136.0,2,12,12,0,6,6,0,3,0,3.3337000058963895,0.019800005247816443,2.949999994598329,0.2696999872568995,6.5731999929994345,ok,read-only,False,False
baseline-v07-run3-20260521T174653_971909Z,117,False,simulated,137.0,2,12,12,0,6,6,0,3,0,3.5308999940752983,0.01920000067912042,3.267499996582046,0.2612000098451972,7.078800001181662,ok,read-only,False,False
baseline-v07-run3-20260521T174653_971909Z,118,False,simulated,138.0,2,12,12,0,6,6,0,3,0,3.9370000013150275,0.0261999957729131,3.611399995861575,0.31529998523183167,7.889899978181347,ok,read-only,False,False
baseline-v07-run3-20260521T174653_971909Z,119,False,simulated,139.0,2,12,12,0,6,6,0,3,0,4.421399993589148,0.02680000034160912,4.163200006587431,0.4155999922659248,9.026999992784113,ok,read-only,False,False
baseline-v07-run3-20260521T174653_971909Z,120,False,simulated,140.0,2,12,12,0,6,6,0,3,0,4.208700003800914,0.024200009647756815,3.780600003665313,0.3591999993659556,8.37270001647994,ok,read-only,False,False
baseline-v07-run3-20260521T174653_971909Z,121,False,simulated,141.0,2,12,12,0,6,6,0,3,0,3.388000011909753,0.020599982235580683,2.4169000098481774,0.17359998309984803,5.999099987093359,ok,read-only,False,False
baseline-v07-run3-20260521T174653_971909Z,122,False,simulated,142.0,2,12,12,0,6,6,0,3,0,3.476399986539036,0.018200022168457508,2.3370999842882156,0.18050000653602183,6.012199999531731,ok,read-only,False,False
baseline-v07-run3-20260521T174653_971909Z,123,False,simulated,143.0,2,12,12,0,6,6,0,3,0,3.144699992844835,0.019500002963468432,2.7003000141121447,0.2190999803133309,6.083599990233779,ok,read-only,False,False
baseline-v07-run3-20260521T174653_971909Z,124,False,simulated,144.0,2,12,12,0,6,6,0,3,0,3.3101000008173287,0.01889999839477241,2.9113999917171896,0.3285999991931021,6.568999990122393,ok,read-only,False,False
baseline-v07-run3-20260521T174653_971909Z,125,False,simulated,145.0,2,12,12,0,6,6,0,3,0,3.2142999989446253,0.02340000355616212,2.5727000029291958,0.16609998419880867,5.976499989628792,ok,read-only,False,False
baseline-v07-run3-20260521T174653_971909Z,126,False,simulated,146.0,2,12,12,0,6,6,0,3,0,3.6496999964583665,0.020700012100860476,2.981499972520396,0.30100002186372876,6.952900002943352,ok,read-only,False,False
baseline-v07-run3-20260521T174653_971909Z,127,False,simulated,147.0,2,12,12,0,6,6,0,3,0,3.3565000048838556,0.018000020645558834,2.441499993437901,0.21159998141229153,6.027600000379607,ok,read-only,False,False
baseline-v07-run3-20260521T174653_971909Z,128,False,simulated,148.0,2,12,12,0,6,6,0,3,0,3.3745999971870333,0.023500004317611456,3.650800004834309,0.2764999808277935,7.3253999871667475,ok,read-only,False,False
baseline-v07-run3-20260521T174653_971909Z,129,False,simulated,149.0,2,12,12,0,6,6,0,3,0,3.2518999942112714,0.021400017431005836,2.6267999783158302,0.26080000679939985,6.160899996757507,ok,read-only,False,False
baseline-v07-run3-20260521T174653_971909Z,130,False,simulated,150.0,2,12,12,0,6,6,0,3,0,3.1830999942030758,0.01960000372491777,2.935199998319149,0.2145000034943223,6.352399999741465,ok,read-only,False,False
baseline-v07-run3-20260521T174653_971909Z,131,False,simulated,151.0,2,12,12,0,6,6,0,3,0,3.588899999158457,0.022099993657320738,2.9473000031430274,0.24120000307448208,6.799499999033287,ok,read-only,False,False
baseline-v07-run3-20260521T174653_971909Z,132,False,simulated,152.0,2,12,12,0,6,6,0,3,0,3.04469998809509,0.01930000144056976,2.378900011535734,0.17729998216964304,5.6201999832410365,ok,read-only,False,False
baseline-v07-run3-20260521T174653_971909Z,133,False,simulated,153.0,2,12,12,0,6,6,0,3,0,3.1393999815918505,0.017900019884109497,2.7125999913550913,0.2389000146649778,6.108800007496029,ok,read-only,False,False
baseline-v07-run3-20260521T174653_971909Z,134,False,simulated,154.0,2,12,12,0,6,6,0,3,0,3.6976999836042523,0.02340000355616212,3.3807999861892313,0.27520000003278255,7.377099973382428,ok,read-only,False,False
baseline-v07-run3-20260521T174653_971909Z,135,False,simulated,155.0,2,12,12,0,6,6,0,3,0,3.9032000058796257,0.026299996534362435,4.497400019317865,0.2749999985098839,8.701900020241737,ok,read-only,False,False
baseline-v07-run3-20260521T174653_971909Z,136,False,simulated,156.0,2,12,12,0,6,6,0,3,0,4.161199991358444,0.02370000584051013,3.398200002266094,0.3541999903973192,7.9372999898623675,ok,read-only,False,False
baseline-v07-run3-20260521T174653_971909Z,137,False,simulated,157.0,2,12,12,0,6,6,0,3,0,3.625899989856407,0.022000021999701858,3.6402999830897897,0.6256000197026879,7.9138000146485865,ok,read-only,False,False
baseline-v07-run3-20260521T174653_971909Z,138,False,simulated,158.0,2,12,12,0,6,6,0,3,0,3.866699989885092,0.023200002033263445,3.0801999964751303,0.2398999931756407,7.209999981569126,ok,read-only,False,False
baseline-v07-run3-20260521T174653_971909Z,139,False,simulated,159.0,2,12,12,0,6,6,0,3,0,3.4924999927170575,0.02160001895390451,4.26699998206459,0.22410001838579774,8.00520001212135,ok,read-only,False,False
baseline-v07-run3-20260521T174653_971909Z,140,False,simulated,160.0,2,12,12,0,6,6,0,3,0,3.970399993704632,0.024300010409206152,3.888599982019514,0.3436000260990113,8.226900012232363,ok,read-only,False,False
baseline-v07-run3-20260521T174653_971909Z,141,False,simulated,161.0,2,12,12,0,6,6,0,3,0,3.599699994083494,0.02139998832717538,3.103199996985495,0.20870001753792167,6.932999996934086,ok,read-only,False,False
baseline-v07-run3-20260521T174653_971909Z,142,False,simulated,162.0,2,12,12,0,6,6,0,3,0,4.109300003619865,0.02300000051036477,3.2319000165443867,0.34080000477842987,7.705000025453046,ok,read-only,False,False
baseline-v07-run3-20260521T174653_971909Z,143,False,simulated,163.0,2,12,12,0,6,6,0,3,0,3.413999977055937,0.022000021999701858,3.4232999896630645,0.28219999512657523,7.141499983845279,ok,read-only,False,False
baseline-v07-run3-20260521T174653_971909Z,144,False,simulated,164.0,2,12,12,0,6,6,0,3,0,5.142399983014911,0.027900008717551827,3.3970999938901514,0.41290000081062317,8.980299986433238,ok,read-only,False,False
baseline-v07-run3-20260521T174653_971909Z,145,False,simulated,165.0,2,12,12,0,6,6,0,3,0,3.403900016564876,0.020599982235580683,3.5102000110782683,0.23579999106004834,7.170500000938773,ok,read-only,False,False
baseline-v07-run3-20260521T174653_971909Z,146,False,simulated,166.0,2,12,12,0,6,6,0,3,0,4.0609999850858,0.024100008886307478,2.9956999933347106,0.295300007564947,7.376099994871765,ok,read-only,False,False
baseline-v07-run3-20260521T174653_971909Z,147,False,simulated,167.0,2,12,12,0,6,6,0,3,0,3.9173999975901097,0.022700027329847217,2.939199999673292,0.29839997296221554,7.1776999975554645,ok,read-only,False,False
baseline-v07-run3-20260521T174653_971909Z,148,False,simulated,168.0,2,12,12,0,6,6,0,3,0,3.5539999953471124,0.021899992134422064,4.034100013086572,0.371000001905486,7.981000002473593,ok,read-only,False,False
baseline-v07-run3-20260521T174653_971909Z,149,False,simulated,169.0,2,12,12,0,6,6,0,3,0,3.6290999851189554,0.026399997295811772,7.0072000089567155,4.13670000853017,14.799399999901652,ok,read-only,False,False
baseline-v07-run3-20260521T174653_971909Z,150,False,simulated,170.0,2,12,12,0,6,6,0,3,0,3.4907999797724187,0.019500002963468432,2.2307000181172043,0.23669999791309237,5.977699998766184,ok,read-only,False,False
baseline-v07-run3-20260521T174653_971909Z,151,False,simulated,171.0,2,12,12,0,6,6,0,3,0,3.120900015346706,0.01789999078027904,2.602399996249005,0.27859999681822956,6.01979999919422,ok,read-only,False,False
baseline-v07-run3-20260521T174653_971909Z,152,False,simulated,172.0,2,12,12,0,6,6,0,3,0,3.57659999281168,0.019099999917671084,2.660800004377961,0.26760000037029386,6.524099997477606,ok,read-only,False,False
baseline-v07-run3-20260521T174653_971909Z,153,False,simulated,173.0,2,12,12,0,6,6,0,3,0,2.959100005682558,0.018000020645558834,2.665799984242767,0.2631999959703535,5.906100006541237,ok,read-only,False,False
baseline-v07-run3-20260521T174653_971909Z,154,False,simulated,174.0,2,12,12,0,6,6,0,3,0,3.137299994705245,0.01729998621158302,2.198900008806959,0.18110001110471785,5.534600000828505,ok,read-only,False,False
baseline-v07-run3-20260521T174653_971909Z,155,False,simulated,175.0,2,12,12,0,6,6,0,3,0,3.4986999817192554,0.018000020645558834,2.470999985234812,0.20179999410174787,6.189499981701374,ok,read-only,False,False
baseline-v07-run3-20260521T174653_971909Z,156,False,simulated,176.0,2,12,12,0,6,6,0,3,0,3.0407000158447772,0.017699989257380366,2.50840000808239,0.17189999925903976,5.738700012443587,ok,read-only,False,False
baseline-v07-run3-20260521T174653_971909Z,157,False,simulated,177.0,2,12,12,0,6,6,0,3,0,3.0599999881815165,0.01920000067912042,3.0310000001918525,0.17899999511428177,6.289199984166771,ok,read-only,False,False
baseline-v07-run3-20260521T174653_971909Z,158,False,simulated,178.0,2,12,12,0,6,6,0,3,0,3.5509000008460134,0.019400002202019095,2.171300002373755,0.1689000055193901,5.910500010941178,ok,read-only,False,False
baseline-v07-run3-20260521T174653_971909Z,159,False,simulated,179.0,2,12,12,0,6,6,0,3,0,3.389200021047145,0.019099999917671084,2.5368999922648072,0.1779999874997884,6.123200000729412,ok,read-only,False,False
baseline-v07-run3-20260521T174653_971909Z,160,False,simulated,180.0,2,12,12,0,6,6,0,3,0,3.947099990909919,0.06980000762268901,2.739299990935251,0.2148000057786703,6.97099999524653,ok,read-only,False,False
baseline-v07-run3-20260521T174653_971909Z,161,False,simulated,181.0,2,12,12,0,6,6,0,3,0,3.3949000062420964,0.02060001133941114,2.320999978110194,0.1723000023048371,5.908799997996539,ok,read-only,False,False
baseline-v07-run3-20260521T174653_971909Z,162,False,simulated,182.0,2,12,12,0,6,6,0,3,0,3.320200019516051,0.021099986042827368,3.9127999916672707,0.41950002196244895,7.673600019188598,ok,read-only,False,False
baseline-v07-run3-20260521T174653_971909Z,163,False,simulated,183.0,2,12,12,0,6,6,0,3,0,4.263800015905872,0.02479998511262238,2.4587000079918653,2.2699999972246587,9.017300006235018,ok,read-only,False,False
baseline-v07-run3-20260521T174653_971909Z,164,False,simulated,184.0,2,12,12,0,6,6,0,3,0,4.0080000180751085,0.02519998815841973,7.2573999932501465,0.23880001390352845,11.529400013387203,ok,read-only,False,False
baseline-v07-run3-20260521T174653_971909Z,165,False,simulated,185.0,2,12,12,0,6,6,0,3,0,3.7308000028133392,0.03129997639916837,3.9046000165399164,0.239099987084046,7.90579998283647,ok,read-only,False,False
baseline-v07-run3-20260521T174653_971909Z,166,False,simulated,186.0,2,12,12,0,6,6,0,3,0,4.843199974857271,0.026900001103058457,4.028600000310689,0.2868000010494143,9.185499977320433,ok,read-only,False,False
baseline-v07-run3-20260521T174653_971909Z,167,False,simulated,187.0,2,12,12,0,6,6,0,3,0,3.81949997972697,0.02640002639964223,3.4779999987222254,0.2772999869193882,7.601199991768226,ok,read-only,False,False
baseline-v07-run3-20260521T174653_971909Z,168,False,simulated,188.0,2,12,12,0,6,6,0,3,0,4.703299986431375,0.02880001557059586,3.9055999950505793,0.5557999829761684,9.193499980028719,ok,read-only,False,False
baseline-v07-run3-20260521T174653_971909Z,169,False,simulated,189.0,2,12,12,0,6,6,0,3,0,3.837199998088181,0.023200002033263445,2.8905999788548797,0.3005000180564821,7.051499997032806,ok,read-only,False,False
baseline-v07-run3-20260521T174653_971909Z,170,False,simulated,190.0,2,12,12,0,6,6,0,3,0,5.999299988616258,0.14489999739453197,4.023599991342053,0.23350000265054405,10.401299980003387,ok,read-only,False,False
baseline-v07-run3-20260521T174653_971909Z,171,False,simulated,191.0,2,12,12,0,6,6,0,3,0,4.401600017445162,0.023300002794712782,3.111099998932332,0.21349999587982893,7.7495000150520355,ok,read-only,False,False
baseline-v07-run3-20260521T174653_971909Z,172,False,simulated,192.0,2,12,12,0,6,6,0,3,0,6.679899990558624,0.025599991204217076,3.334500011987984,0.27879999834112823,10.318799992091954,ok,read-only,False,False
baseline-v07-run3-20260521T174653_971909Z,173,False,simulated,193.0,2,12,12,0,6,6,0,3,0,3.7674999912269413,0.02300000051036477,3.496299992548302,0.2861000248230994,7.572900009108707,ok,read-only,False,False
baseline-v07-run3-20260521T174653_971909Z,174,False,simulated,194.0,2,12,12,0,6,6,0,3,0,3.9764000102877617,0.02379997749812901,2.4575999996159226,0.18090000958181918,6.6386999969836324,ok,read-only,False,False
baseline-v07-run3-20260521T174653_971909Z,175,False,simulated,195.0,2,12,12,0,6,6,0,3,0,3.4471999970264733,0.021499989088624716,2.521000016713515,0.20119998953305185,6.190899992361665,ok,read-only,False,False
baseline-v07-run3-20260521T174653_971909Z,176,False,simulated,196.0,2,12,12,0,6,6,0,3,0,5.799899983685464,0.02980002318508923,2.9232999950181693,0.2108000044245273,8.96380000631325,ok,read-only,False,False
baseline-v07-run3-20260521T174653_971909Z,177,False,simulated,197.0,2,12,12,0,6,6,0,3,0,3.3528000058140606,0.021299987565726042,2.501300012227148,0.21090000518597662,6.086300010792911,ok,read-only,False,False
baseline-v07-run3-20260521T174653_971909Z,178,False,simulated,198.0,2,12,12,0,6,6,0,3,0,3.5500999947544187,0.20920002134516835,3.172400000039488,0.20009998115710914,7.131799997296184,ok,read-only,False,False
baseline-v07-run3-20260521T174653_971909Z,179,False,simulated,199.0,2,12,12,0,6,6,0,3,0,3.0687999969813973,0.018799997633323073,2.8626999992411584,0.2272999845445156,6.177599978400394,ok,read-only,False,False
baseline-v07-run3-20260521T174653_971909Z,180,False,simulated,200.0,2,12,12,0,6,6,0,3,0,2.9888999997638166,0.01750001683831215,2.549400000134483,0.1863999932538718,5.7422000099904835,ok,read-only,False,False
baseline-v07-run3-20260521T174653_971909Z,181,False,simulated,201.0,2,12,12,0,6,6,0,3,0,3.924599994206801,0.031100003980100155,3.076699998928234,0.18360000103712082,7.215999998152256,ok,read-only,False,False
baseline-v07-run3-20260521T174653_971909Z,182,False,simulated,202.0,2,12,12,0,6,6,0,3,0,3.355199994985014,0.020500010577961802,2.5637999933678657,0.1858999894466251,6.125399988377467,ok,read-only,False,False
baseline-v07-run3-20260521T174653_971909Z,183,False,simulated,203.0,2,12,12,0,6,6,0,3,0,3.442499990342185,0.020400009816512465,3.6635999858845025,0.18950001685880125,7.316000002902001,ok,read-only,False,False
baseline-v07-run3-20260521T174653_971909Z,184,False,simulated,204.0,2,12,12,0,6,6,0,3,0,2.9317000007722527,0.016399979358538985,2.3185000172816217,0.1838000025600195,5.450399999972433,ok,read-only,False,False
baseline-v07-run3-20260521T174653_971909Z,185,False,simulated,205.0,2,12,12,0,6,6,0,3,0,3.0984999903012067,0.017600017599761486,3.4468999947421253,0.2145000034943223,6.777500006137416,ok,read-only,False,False
baseline-v07-run3-20260521T174653_971909Z,186,False,simulated,206.0,2,12,12,0,6,6,0,3,0,11.434599990025163,0.02400000812485814,4.647699999623001,0.32699998700991273,16.433299984782934,ok,read-only,False,False
baseline-v07-run3-20260521T174653_971909Z,187,False,simulated,207.0,2,12,12,0,6,6,0,3,0,7.525499997427687,0.057900004321709275,3.760899999178946,0.23639999562874436,11.580699996557087,ok,read-only,False,False
baseline-v07-run3-20260521T174653_971909Z,188,False,simulated,208.0,2,12,12,0,6,6,0,3,0,4.747499973746017,0.02340000355616212,5.083199997898191,0.32640001154504716,10.180499986745417,ok,read-only,False,False
baseline-v07-run3-20260521T174653_971909Z,189,False,simulated,209.0,2,12,12,0,6,6,0,3,0,3.714699996635318,0.023200002033263445,2.849399985279888,0.2550999925006181,6.842399976449087,ok,read-only,False,False
baseline-v07-run3-20260521T174653_971909Z,190,False,simulated,210.0,2,12,12,0,6,6,0,3,0,8.67909999215044,0.02340000355616212,7.768299983581528,0.212200015084818,16.68299999437295,ok,read-only,False,False
baseline-v07-run3-20260521T174653_971909Z,191,False,simulated,211.0,2,12,12,0,6,6,0,3,0,8.350700023584068,0.023499975213781,3.1658000079914927,0.2142000012099743,11.754200007999316,ok,read-only,False,False
baseline-v07-run3-20260521T174653_971909Z,192,False,simulated,212.0,2,12,12,0,6,6,0,3,0,4.438300005858764,0.027400004910305142,3.132499987259507,0.22810001973994076,7.826300017768517,ok,read-only,False,False
baseline-v07-run3-20260521T174653_971909Z,193,False,simulated,213.0,2,12,12,0,6,6,0,3,0,4.369500005850568,0.021899992134422064,2.141700009815395,0.17109999316744506,6.70420000096783,ok,read-only,False,False
baseline-v07-run3-20260521T174653_971909Z,194,False,simulated,214.0,2,12,12,0,6,6,0,3,0,2.952400012873113,0.017099984688684344,2.4449000193271786,0.1824999926611781,5.596900009550154,ok,read-only,False,False
baseline-v07-run3-20260521T174653_971909Z,195,False,simulated,215.0,2,12,12,0,6,6,0,3,0,3.054200002225116,0.018399994587525725,2.6066999998874962,0.4996000207029283,6.178900017403066,ok,read-only,False,False
baseline-v07-run3-20260521T174653_971909Z,196,False,simulated,216.0,2,12,12,0,6,6,0,3,0,3.3133999968413264,0.017499987734481692,2.2788000060245395,0.18030000501312315,5.789999995613471,ok,read-only,False,False
baseline-v07-run3-20260521T174653_971909Z,197,False,simulated,217.0,2,12,12,0,6,6,0,3,0,3.0906000174582005,0.018099992303177714,2.65650000073947,0.3040999872609973,6.069299997761846,ok,read-only,False,False
baseline-v07-run3-20260521T174653_971909Z,198,False,simulated,218.0,2,12,12,0,6,6,0,3,0,5.547699984163046,0.032400013878941536,2.6547999877948314,0.22640000679530203,8.46129999263212,ok,read-only,False,False
baseline-v07-run3-20260521T174653_971909Z,199,False,simulated,219.0,2,12,12,0,6,6,0,3,0,3.1681999971624464,0.020000006770715117,2.424599981168285,0.19690001499839127,5.809700000099838,ok,read-only,False,False
